,train_result,test_list
0,210966,216882
1,239828,246771
2,236241,242290
3,246617,254884
4,233077,240077
5,244927,252945
6,233260,238289
7,234591,240148
8,244491,249917
9,238595,246856
10,238937,249189
11,227871,235483
12,241912,248683
13,240774,248340
14,232112,237618
15,238112,245176
16,237375,245005
17,239640,250252
18,234653,244145
19,237258,244871
20,235214,244638
21,234569,241298
22,238069,246409
23,239811,246628
24,229641,238481
25,235641,243633
26,228730,232990
27,232566,240038
28,235376,239453
29,232156,235626
30,236862,243844
31,240711,245789
32,236263,243461
33,232361,241344
34,246244,252575
35,238442,244798
36,242283,250447
37,233939,240489
38,231162,237646
39,236945,243652
40,237634,243554
41,233525,240948
42,237485,244709
43,231593,237941
44,232299,240191
45,241153,247184
46,238213,244408
47,245501,253276
48,238518,245907
49,234403,242346
50,227358,235791
51,234826,240980
52,242404,252348
53,238452,244822
54,232504,237925
55,236229,244823
56,234459,238748
57,232844,239422
58,229331,235126
59,233086,241148
60,229597,237687
61,235009,239669
62,232347,239968
63,235715,242036
64,234250,241315
65,226576,235659
66,234114,240822
67,239095,247249
68,234403,240521
69,235063,242966
70,233374,241466
71,231364,236189
72,233398,239791
73,233534,241100
74,234523,242160
75,229411,236135
76,232509,239267
77,230557,236574
78,230433,235684
79,240770,248436
80,238541,244904
81,230075,237299
82,230983,236183
83,235297,241693
84,231853,238683
85,241538,248503
86,233524,239987
87,231817,235803
88,231158,233115
89,222316,230325
90,229949,238970
91,226696,233266
92,226464,231330
93,229443,234106
94,231880,238370
95,233739,241154
96,233062,240076
97,238055,244834
98,238373,244481
99,229671,235060
100,233937,242302
101,237944,245065
102,228751,234722
103,233955,244735
104,232622,239235
105,233268,239335
106,235236,241807
107,222678,232453
108,227061,233860
109,224617,229965
110,230562,238185
111,224259,229603
112,232027,239489
113,225053,230998
114,227085,231230
115,234450,241140
116,227140,232284
117,226764,232000
118,220515,225540
119,235105,237066
120,234975,244488
121,232450,240198
122,235175,242865
123,236294,242737
124,231838,238439
125,233362,240666
126,234997,239968
127,235410,241350
128,240197,246473
129,228868,234408
130,233704,240433
131,232457,236548
132,225656,231859
133,237288,242152
134,230041,238972
135,228941,234621
136,225087,229674
137,227663,239171
138,227251,232499
139,229004,237809
140,233602,238784
141,235035,241096
142,233967,242957
143,229138,233533
144,219578,224498
145,235350,240648
146,229886,234673
147,219941,227834
148,241399,247595
149,222878,227693
150,215445,222313
151,222774,227260
152,228441,234236
153,229744,233965
154,225833,231427
155,226071,239374
156,227678,232230
157,218416,222622
158,218855,221642
159,215556,217660
160,223478,228801
161,220994,225458
162,232626,240083
163,238250,246570
164,233107,239957
165,212408,216175
166,222098,228689
167,228722,234925
168,233902,242128
169,221897,229574
170,227959,235370
171,215790,220862
172,230062,237088
173,226854,231028
174,229945,233843
175,216212,217279
176,227509,230706
177,241254,245907
178,223360,228977
179,228064,231968
180,223133,229812
181,227706,230563
182,222829,224971
183,228514,230395
184,234562,239113
185,227958,234722
186,229581,236442
187,230093,238280
188,225175,228637
189,230159,237166
190,218418,224456
191,218999,223847
192,219287,225988
193,212217,215122
194,222297,229259
195,219943,224465
196,222929,229559
197,222323,228390
198,227469,229626
199,232970,238405
200,229293,234476
201,221532,225747
202,233836,235819
203,232702,242661
204,230831,236380
205,224765,229862
206,231262,237558
207,232917,237891
208,228435,233843
209,219303,222681
210,220783,221125
211,221883,224437
212,214750,218798
213,235273,241642
214,233477,239633
215,231719,236641
216,237682,243384
217,230005,237053
218,224021,229872
219,224782,232420
220,227782,231799
221,235611,242975
222,217657,221731
223,221585,224782
224,220124,227809
225,221802,224716
226,212466,216127
227,220843,225729
228,216016,222756
229,214170,219969
230,214783,219520
231,213949,215854
232,214427,215073
233,223440,228944
234,228026,237489
235,222149,226680
236,222808,228735
237,221936,230813
238,220324,226544
239,212282,218351
240,213100,218640
241,213608,219048
242,206073,207912
243,215839,217961
244,216687,221698
245,224491,232414
246,203352,208412
247,211975,220137
248,217273,221800
249,217227,222673
250,227250,235796
251,224116,230596
252,216449,224624
253,216417,224472
254,215998,219011
255,215651,218507
256,218586,225729
257,222404,232784
258,221143,227875
259,207615,211675
260,209888,213626
261,228378,232596
262,215728,218754
263,232065,239281
264,219494,221975
265,214217,220575
266,222372,225823
267,208731,213317
268,220275,225384
269,217018,218053
270,221345,223414
271,204347,205713
272,206364,210482
273,212883,218614
274,212527,217716
275,211415,216614
276,208575,209510
277,214905,213381
278,208620,222117
279,204255,209352
280,206035,211797
281,206751,218588
282,218364,222799
283,224137,230691
284,224059,229232
285,221659,224913
286,214590,218685
287,222056,225603
288,214411,218568
289,215610,220439
290,215943,221015
291,230061,232358
292,220551,229297
293,219492,227074
294,215229,221041
295,214593,220187
296,214289,218764
297,221872,231080
298,220509,224297
299,221905,225333
300,223660,231885
301,224321,227715
302,234340,243609
303,240542,247822
304,231782,238468
305,231629,239140
306,235779,241393
307,233087,238232
308,236656,244191
309,235922,244519
310,234475,240013
311,237878,247914
312,236787,242478
313,235744,240215
314,235168,241265
315,236051,238031
316,234073,236031
317,230517,236365
318,222616,228666
319,228458,233585
320,234020,241965
321,226072,231492
322,226127,231456
323,228230,230150
324,220301,230642
325,214919,219490
326,213449,221536
327,213392,217938
328,222431,227713
329,213577,219332
330,217631,218134
331,213547,223767
332,217670,217612
333,215900,227714
334,228572,234895
335,223437,224999
336,217894,221518
337,222099,231733
338,219795,229877
339,227595,228936
340,225158,232099
341,213029,218291
342,226293,233345
343,219784,225954
344,216272,226615
345,220858,225633
346,219292,223821
347,208987,216094
348,215022,221717
349,211885,216127
350,215735,221846
351,212373,215655
352,221398,223957
353,209667,212071
354,222265,228013
355,220916,232467
356,211434,218281
357,215919,219413
358,203294,207550
359,207329,212460
360,212936,217604
361,213682,216462
362,233307,240923
363,237090,242694
364,235024,239326
365,231788,237507
366,223119,228170
367,228036,234846
368,231835,240003
369,222509,230121
370,225588,231991
371,228527,234682
372,230562,240759
373,237122,244021
374,235288,241002
375,227847,234005
376,228355,232236
377,231546,234789
378,234355,240800
379,234565,239493
380,226529,243632
381,236329,244495
382,222546,227317
383,229728,231614
384,232203,235902
385,230701,236339
386,221344,228864
387,221063,224145
388,228928,237163
389,226239,232060
390,226841,233274
391,228863,236289
392,220933,227663
393,230158,233093
394,229638,235627
395,215439,225766
396,213735,219288
397,215109,222470
398,212597,217494
399,204611,209887
400,221431,223656
401,217827,221773
402,228021,228966
403,209633,213208
404,212895,217067
405,215369,216061
406,221371,224346
407,206247,212483
408,221340,224074
409,209163,215741
410,209779,211717
411,215629,216232
412,225151,230605
413,220292,229410
414,218183,226054
415,219166,222467
416,215229,221385
417,208842,216888
418,229819,236687
419,226441,231866
420,231162,240481
421,235665,242623
422,219089,221081
423,222509,229299
424,210003,213438
425,220813,229958
426,220237,224517
427,221083,227763
428,221858,227532
429,223687,229152
430,220931,223579
431,218590,227410
432,223398,226962
433,218860,222857
434,215115,224153
435,226822,234534
436,219051,227862
437,218182,221969
438,220000,223930
439,219976,222109
440,216434,219305
441,221148,228645
442,215092,218776
443,221917,227643
444,221228,224859
445,205479,207498
446,216621,220074
447,206272,209310
448,210085,213065
449,205678,208908
450,211954,212291
451,216355,218071
452,213450,215460
453,214002,216392
454,210568,212388
455,213745,217135
456,210478,215143
457,203762,204174
458,208145,211366
459,201934,203313
460,204764,207070
461,200068,200331
462,203664,204537
463,203077,202653
464,215047,223393
465,220845,226925
466,219356,223589
467,218768,224421
468,216084,219454
469,222092,225079
470,213756,219430
471,219802,222668
472,217239,222002
473,217169,220406
474,218324,220466
475,218681,220301
476,217891,220328
477,219296,218481
478,221549,226710
479,205586,210444
480,209567,211494
481,208598,214783
482,221545,227010
483,211050,206984
484,200039,205690
485,202349,209882
486,210352,214014
487,195040,197593
488,207519,210176
489,198971,201973
490,202769,206145
491,196873,197308
492,197095,199545
493,209015,208763
494,197512,199152
495,201073,204751
496,204492,208350
497,201416,201152
498,197802,201197
499,201566,207085
500,198902,201905
501,203588,206257
502,216047,218428
503,206233,209239
504,207853,212408
505,207873,209255
506,209982,216925
507,208132,210533
508,203825,205058
509,217595,222288
510,209089,211194
511,209162,215164
512,201772,206272
513,216993,219631
514,216259,217026
515,212274,217620
516,208095,208219
517,205855,207491
518,208965,211658
519,202300,204589
520,198339,199730
521,196200,199093
522,198808,200689
523,201254,204172
524,207331,210359
525,201057,200387
526,202890,207634
527,210181,211859
528,205346,208774
529,203761,206498
530,206953,208543
531,215267,219734
532,226675,229216
533,217875,221471
534,220055,221506
535,214860,219953
536,214961,219272
537,210822,210691
538,204255,205832
539,203998,207094
540,204895,209410
541,207847,214843
542,209957,214553
543,213352,213676
544,209240,216886
545,214086,217505
546,213261,216929
547,215514,219373
548,212527,215860
549,217963,220533
550,207566,209383
551,215128,218259
552,202886,202484
553,213953,212752
554,207350,212077
555,197380,200903
556,213540,219228
557,198300,199717
558,205735,205769
559,209972,209151
560,213079,216917
561,205317,205852
562,215514,216395
563,212278,217364
564,211164,212210
565,204696,205784
566,215986,216067
567,206950,210398
568,206478,205258
569,213108,217884
570,209190,211467
571,212296,212566
572,221660,224620
573,221602,221846
574,216239,220382
575,215446,219191
576,211948,215494
577,215983,216815
578,213228,217225
579,217925,222532
580,214791,218591
581,213396,216255
582,205013,208541
583,215816,222782
584,212008,214678
585,211374,212573
586,220378,223194
587,217219,223826
588,215895,211284
589,209255,211822
590,210104,211611
591,208399,211662
592,208670,209713
593,201990,206342
594,213133,212976
595,209687,212139
596,205156,205408
597,218399,220977
598,211005,212645
599,204764,207970
600,211004,212701
601,210255,214003
602,222284,228584
603,231171,235316
604,237050,241207
605,219944,225313
606,225256,228815
607,214200,216351
608,208124,209830
609,208439,212037
610,215664,219185
611,225282,227779
612,215382,220632
613,213410,218349
614,223854,230518
615,217443,221450
616,219255,219535
617,226008,227471
618,219806,223497
619,216188,219494
620,213771,214084
621,216726,217774
622,221464,225439
623,238449,244154
624,245681,250192
625,243082,248347
626,247352,251531
627,249302,250596
628,245027,248553
629,243097,248519
630,246030,249893
631,244152,246819
632,245705,251407
633,244479,248927
634,246077,250915
635,241385,246161
636,243218,247522
637,241532,247623
638,243749,249880
639,234868,238568
640,242029,247132
641,242909,248309
642,216017,219891
643,217829,220590
644,219985,222271
645,217609,222248
646,215979,217949
647,222526,228450
648,209650,212852
649,224814,229721
650,216194,221905
651,211545,216340
652,213189,212068
653,212468,216322
654,211812,215225
655,206854,209617
656,215051,217387
657,204633,207391
658,219067,219874
659,212978,216139
660,207836,207550
661,209546,209431
662,206684,209166
663,213269,219413
664,214077,214885
665,215415,216351
666,210608,215251
667,207660,208846
668,213607,216118
669,217900,221687
670,209817,212692
671,215789,223758
672,217561,222865
673,220304,224993
674,219038,220939
675,221301,224858
676,221007,225012
677,229079,232662
678,216989,218586
679,214787,214930
680,216664,220136
681,215405,220886
682,220023,223251
683,221614,230637
684,225485,228844
685,213900,213468
686,209222,213779
687,216504,221910
688,217682,219820
689,212999,215722
690,216789,222089
691,218036,221549
692,215468,218075
693,209325,211215
694,214828,215536
695,213836,216995
696,224019,227928
697,212927,220743
698,216786,219801
699,220619,222325
700,216282,222342
701,224358,227469
702,228578,232903
703,215460,221996
704,206565,210736
705,215283,218306
706,206871,210763
707,208132,212575
708,213220,215452
709,216672,217929
710,210113,210400
711,212772,216009
712,208282,209819
713,209119,211670
714,207701,212163
715,208256,211610
716,205061,210487
717,211125,213437
718,200859,198430
719,205224,213303
720,208809,211132
721,210977,212828
722,212253,215425
723,201370,206112
724,209694,210094
725,206719,207012
726,204487,204224
727,207973,205771
728,200318,199615
729,208335,208315
730,203135,206075
731,206109,208889
732,208966,208645
733,202794,206709
734,207715,211081
735,199689,200910
736,205086,205082
737,209419,209083
738,217143,215008
739,205117,207237
740,207641,209538
741,208066,210229
742,212117,210545
743,209591,207552
744,210288,210164
745,210300,220423
746,217086,215666
747,217699,220156
748,212151,214048
749,212403,211974
750,213085,213594
751,207553,210510
752,207337,208262
753,205911,210335
754,206680,211261
755,211712,212684
756,214572,215311
757,218461,224104
758,219754,219030
759,202008,205324
760,206513,205898
761,209787,210146
762,204427,204230
763,206435,211340
764,208210,207176
765,216247,216360
766,216064,219260
767,213610,215235
768,206548,208856
769,206088,206100
770,207702,209388
771,208130,208374
772,207654,208307
773,210451,210939
774,204864,205586
775,210273,212960
776,214757,218926
777,218823,220051
778,215863,218004
779,216324,214447
780,214816,216662
781,215284,215695
782,212125,216230
783,215958,220937
784,218077,221519
785,221688,230228
786,217693,218144
787,225464,228338
788,223124,228239
789,216425,224514
790,226798,229913
791,211903,208854
792,211427,218637
793,224395,229470
794,219913,222817
795,217680,219569
796,217652,225868
797,215965,217852
798,215371,219208
799,220412,221793
800,219373,222329
801,215056,218391
802,230754,234725
803,234083,236813
804,228655,232018
805,222987,226250
806,217803,221250
807,212963,215723
808,227192,227646
809,230263,234112
810,220817,225076
811,229717,231653
812,226424,228757
813,230734,234174
814,225015,232986
815,223153,227012
816,213894,218154
817,218158,220416
818,218028,219453
819,217543,224729
820,211602,216680
821,210799,214125
822,219384,222966
823,207764,212296
824,208000,211733
825,203102,205363
826,210781,214089
827,217642,218816
828,210293,216603
829,204392,206605
830,208009,208384
831,200585,203639
832,206754,207051
833,202042,202526
834,198768,201995
835,217097,219011
836,217097,221707
837,208466,209293
838,210455,213304
839,208407,215614
840,209400,209619
841,208132,215029
842,205207,206432
843,201500,207942
844,207160,208889
845,203274,204851
846,204667,203452
847,203080,204142
848,199993,202103
849,207091,210348
850,204447,208607
851,200860,200600
852,203486,205570
853,205785,207515
854,202562,203991
855,209563,212985
856,202312,206076
857,206656,208709
858,208915,207510
859,203509,205420
860,203696,204273
861,201675,206212
862,212674,214885
863,202863,203197
864,208520,211713
865,209767,210597
866,216005,218327
867,208031,210332
868,213244,216452
869,221285,220363
870,218086,220275
871,211356,214282
872,216104,221058
873,206513,214713
874,211665,214054
875,213880,215791
876,218954,220436
877,218124,218629
878,219797,220510
879,220332,224564
880,221474,223077
881,219719,224527
882,215556,216800
883,210513,211322
884,217124,220710
885,209328,210188
886,205262,206811
887,199217,198921
888,197917,199739
889,206015,208824
890,215597,217409
891,206095,207874
892,206140,207584
893,208367,208551
894,208576,211824
895,207315,209493
896,202937,204129
897,203376,206339
898,211755,213671
899,206426,209385
900,208772,210157
901,207215,209443
902,198650,200099
903,209566,210051
904,212318,213151
905,208802,212602
906,212493,211061
907,206347,207897
908,217873,219952
909,219827,221930
910,209348,210253
911,221619,221704
912,218107,217876
913,215194,217357
914,212058,219779
915,209989,209582
916,210041,214686
917,208443,208997
918,208460,207934
919,208051,210494
920,214953,216193
921,209742,214989
922,225893,226715
923,217304,220686
924,219037,219571
925,214515,220398
926,204056,206301
927,214371,215514
928,211618,213326
929,209710,210112
930,212277,211645
931,206857,207302
932,206743,207046
933,213637,214256
934,208486,212145
935,205054,214080
936,201335,201983
937,212692,217232
938,212469,214382
939,216040,214162
940,214923,218807
941,216216,218114
942,208229,212637
943,202774,206468
944,207561,209123
945,219276,218064
946,212040,215105
947,199340,198454
948,206635,208674
949,205133,205381
950,194519,197765
951,213833,217962
952,211183,209217
953,216527,221763
954,214295,216013
955,208720,207244
956,220982,221376
957,207357,211749
958,210571,210353
959,222476,224104
960,211578,212325
961,214025,215172
962,217571,216868
963,209468,208021
964,211839,211789
965,216394,215281
966,223525,224345
967,220812,225182
968,218700,220321
969,217951,220583
970,214388,215029
971,211641,212623
972,225064,226922
973,220269,220469
974,223918,228748
975,225822,227974
976,227552,228699
977,226873,228216
978,221595,225046
979,224682,224765
980,232457,233796
981,218816,219295
982,225830,231552
983,223727,227202
984,207082,210726
985,205141,209219
986,203222,205127
987,203066,202487
988,207272,210393
989,208059,210880
990,205830,208089
991,210602,211540
992,199997,206427
993,204868,206484
994,201948,206290
995,204183,207299
996,210350,212385
997,215792,215280
998,215778,215162
999,215530,214910
1000,212550,215142
1001,210853,213952
1002,218450,223629
1003,211976,215735
1004,222949,223658
1005,220216,225327
1006,218301,222093
1007,210761,209064
1008,208662,210242
1009,214804,215883
1010,223815,227766
1011,211128,210902
1012,217944,221248
1013,216375,218521
1014,209449,213276
1015,201739,202420
1016,211586,218175
1017,209559,215229
1018,216929,221979
1019,206567,206936
1020,206201,210618
1021,215225,217836
1022,213374,210385
1023,222928,220502
1024,211430,211246
1025,219284,223142
1026,222703,226786
1027,209693,213340
1028,220009,223242
1029,217615,218763
1030,214790,216175
1031,213837,214186
1032,214849,217629
1033,209305,211293
1034,207853,209476
1035,204902,205428
1036,209888,213008
1037,207842,209298
1038,204900,214183
1039,207646,212696
1040,210794,217698
1041,212520,214232
1042,214479,216305
1043,221467,223332
1044,206357,207439
1045,213440,214641
1046,212162,215608
1047,208250,211062
1048,212419,213476
1049,206385,206722
1050,208440,211275
1051,206803,207103
1052,208375,211051
1053,210717,209715
1054,205889,208440
1055,218831,222471
1056,213150,212327
1057,211644,214660
1058,205769,207396
1059,207314,208543
1060,210667,211125
1061,212128,213725
1062,219569,219985
1063,219660,219622
1064,208444,206700
1065,212708,214603
1066,208502,210972
1067,219090,218900
1068,203468,204749
1069,199633,201036
1070,204643,205258
1071,209959,210152
1072,214916,213276
1073,206777,206861
1074,206445,208607
1075,198233,198168
1076,206296,209712
1077,196855,198139
1078,203018,202738
1079,201643,199083
1080,202739,203755
1081,195103,196774
1082,201875,203165
1083,202436,202380
1084,198947,200033
1085,192263,192521
1086,193414,194942
1087,191157,191490
1088,199742,201515
1089,205161,206875
1090,206808,209530
1091,200483,205429
1092,203702,206551
1093,202399,207055
1094,208942,214196
1095,221395,218478
1096,204816,208806
1097,205064,205201
1098,216457,216470
1099,199657,202528
1100,211511,212654
1101,205786,206674
1102,218617,222783
1103,216170,217427
1104,207237,208065
1105,205455,208057
1106,203463,206134
1107,211498,214307
1108,215410,216959
1109,213295,215231
1110,210134,211030
1111,201293,206307
1112,200800,203610
1113,201851,207145
1114,206813,209260
1115,205510,208040
1116,209015,211691
1117,208221,209551
1118,210705,209678
1119,197152,193893
1120,208099,209729
1121,199454,199385
1122,198635,201082
1123,201307,203619
1124,199918,199554
1125,201756,200594
1126,205961,205230
1127,193557,195549
1128,197203,198651
1129,195900,195004
1130,208857,208688
1131,200760,204619
1132,197337,196174
1133,206263,206613
1134,196283,199146
1135,195460,194846
1136,204376,203386
1137,198614,199980
1138,200350,201825
1139,200721,201479
1140,199837,199910
1141,201563,202630
1142,207727,208404
1143,208331,206614
1144,202954,206408
1145,205571,207957
1146,198180,202785
1147,208648,210002
1148,209289,208746
1149,219802,220520
1150,219179,222350
1151,207041,206853
1152,208233,209966
1153,208788,210785
1154,207357,209261
1155,212098,220431
1156,212231,214766
1157,209404,208432
1158,214437,212031
1159,216003,219069
1160,210720,208884
1161,209416,208470
1162,212145,212983
1163,208243,206709
1164,210157,209613
1165,210009,210382
1166,209860,212424
1167,204847,204898
1168,212642,213572
1169,208270,211625
1170,220302,220455
1171,210924,216677
1172,219077,221816
1173,218426,219066
1174,207495,206340
1175,206325,206423
1176,209124,211636
1177,219043,223422
1178,222332,223803
1179,221803,223222
1180,219905,222418
1181,213799,214556
1182,211506,213610
1183,209033,211113
1184,206143,205571
1185,205890,207785
1186,206676,208959
1187,216256,215352
1188,213038,213133
1189,213055,216537
1190,214732,218215
1191,209538,210843
1192,217116,215586
1193,212909,213754
1194,216479,218259
1195,205969,207486
1196,212309,214602
1197,213084,211311
1198,210372,214624
1199,207660,207991
1200,207659,211284
1201,210780,213727
1202,202654,206742
1203,207745,209086
1204,211147,210661
1205,210072,209425
1206,204288,205431
1207,215951,214587
1208,212352,211059
1209,216472,219115
1210,215413,213930
1211,215581,216331
1212,214956,215187
1213,211283,212659
1214,208556,210137
1215,213145,212215
1216,212718,215804
1217,212853,212829
1218,221686,227137
1219,208061,208806
1220,213216,212007
1221,216913,219625
1222,229895,232246
1223,212064,212122
1224,210964,213072
1225,215220,216851
1226,214437,221269
1227,215961,217209
1228,213203,212765
1229,203415,204403
1230,207551,210032
1231,211612,211098
1232,215836,215442
1233,217539,218652
1234,213576,215884
1235,206365,206604
1236,210270,209835
1237,201688,204763
1238,210446,209684
1239,206934,200445
1240,205555,206638
1241,205984,204035
1242,210643,212256
1243,215435,214241
1244,201978,202741
1245,206444,202921
1246,208251,208899
1247,205171,207140
1248,203582,204079
1249,209064,211777
1250,208091,209461
1251,205249,205461
1252,205799,206062
1253,202641,201741
1254,203507,204094
1255,205321,206671
1256,207622,207705
1257,201401,202597
1258,202910,203995
1259,203128,205003
1260,212191,211121
1261,203363,203384
1262,205700,203174
1263,215707,211876
1264,208790,208870
1265,208613,210381
1266,214673,218524
1267,216597,217950
1268,221688,221867
1269,208350,209826
1270,214156,213408
1271,207860,207936
1272,209171,209321
1273,210912,212586
1274,213761,215534
1275,206945,207242
1276,210534,211081
1277,208201,210717
1278,215404,213079
1279,214532,215339
1280,209579,211998
1281,211401,212209
1282,206091,206396
1283,210828,212272
1284,215482,215927
1285,215891,216044
1286,209863,210830
1287,214650,213791
1288,218170,216987
1289,217802,221341
1290,204248,206148
1291,200260,201905
1292,204749,206074
1293,211739,211822
1294,215573,215674
1295,213443,212864
1296,213816,214387
1297,215175,215751
1298,211462,212307
1299,205040,207995
1300,199801,201301
1301,200470,202176
1302,214355,213769
1303,208776,207703
1304,211383,211335
1305,220904,218833
1306,205578,208621
1307,208664,207205
1308,214184,213846
1309,207538,207965
1310,205444,205600
1311,207404,208609
1312,206019,206199
1313,204563,204160
1314,201861,201809
1315,202007,205696
1316,212611,213835
1317,207071,206292
1318,205047,204223
1319,199215,201200
1320,195780,195823
1321,193898,194816
1322,197289,200237
1323,198125,197489
1324,204515,203384
1325,207610,205891
1326,207733,207597
1327,201691,202400
1328,209068,209586
1329,206908,206333
1330,202199,202883
1331,209025,209072
1332,210371,211345
1333,209197,206204
1334,212791,218317
1335,213698,213134
1336,196907,198245
1337,200218,197333
1338,201260,202310
1339,207502,207631
1340,203693,202290
1341,212203,209726
1342,211038,212743
1343,206784,206481
1344,205542,205448
1345,204552,204310
1346,204449,205236
1347,201560,201677
1348,212627,216903
1349,207250,209268
1350,197535,197599
1351,202718,203807
1352,201060,201270
1353,205512,208246
1354,207108,208122
1355,200893,201791
1356,207480,207900
1357,207039,205473
1358,207769,210357
1359,206739,207610
1360,194256,197181
1361,208194,207849
1362,223895,225639
1363,203771,203904
1364,205225,207146
1365,200913,203675
1366,196042,196302
1367,210123,212726
1368,201345,202446
1369,199113,198309
1370,195274,196931
1371,194587,197298
1372,196286,198865
1373,206442,205248
1374,206569,205204
1375,202780,201936
1376,199333,201760
1377,204180,206315
1378,199288,200324
1379,207417,212152
1380,192692,194671
1381,207699,205318
1382,206963,208728
1383,206191,205904
1384,206508,207841
1385,202687,204716
1386,197209,198071
1387,194698,196136
1388,190791,190514
1389,195446,196038
1390,204450,205534
1391,197631,200026
1392,196592,197447
1393,211635,210126
1394,207014,205187
1395,200836,201068
1396,197683,200785
1397,199326,197836
1398,206892,206368
1399,204469,202140
1400,205078,203945
1401,199358,200109
1402,194077,195472
1403,210924,211503
1404,196560,196728
1405,207053,204452
1406,208526,206725
1407,208554,208708
1408,212724,211616
1409,218819,218910
1410,208682,209617
1411,205804,207992
1412,208731,207885
1413,204288,205620
1414,204791,206345
1415,210720,208156
1416,208780,206666
1417,208122,206736
1418,209543,213119
1419,208633,209576
1420,219491,219046
1421,213654,218256
1422,204431,203807
1423,199416,204314
1424,205513,206055
1425,200517,200588
1426,204662,206849
1427,202388,201528
1428,199906,199697
1429,190759,192467
1430,192347,191114
1431,196333,195852
1432,199805,200611
1433,197063,196330
1434,199950,200646
1435,201989,206221
1436,205427,205329
1437,197818,199108
1438,191737,193546
1439,199129,198374
1440,205958,206352
1441,205724,208358
1442,206337,207104
1443,199075,199097
1444,204052,204506
1445,201800,202295
1446,203602,203816
1447,199185,199585
1448,203298,204716
1449,200093,199867
1450,201563,201866
1451,194748,195378
1452,203595,201511
1453,211247,208206
1454,198343,198473
1455,197765,200757
1456,190884,192356
1457,193898,194860
1458,194812,196035
1459,195054,195011
1460,207296,208470
1461,208019,208474
1462,204775,203502
1463,204989,207646
1464,199956,201198
1465,196998,195776
1466,198017,198856
1467,203838,203159
1468,205990,207172
1469,202225,203607
1470,209222,211596
1471,205943,206317
1472,207298,208841
1473,197461,197407
1474,199475,198442
1475,200583,202606
1476,205911,204057
1477,207116,207760
1478,207025,207296
1479,203799,204964
1480,203261,201717
1481,209937,212675
1482,205561,207215
1483,212355,211676
1484,204514,205539
1485,205002,206531
1486,208459,206933
1487,209063,210316
1488,209607,210737
1489,208451,208499
1490,209310,210159
1491,207471,207395
1492,205520,208209
1493,200376,202717
1494,203926,204502
1495,210459,210572
1496,211608,210766
1497,208754,208876
1498,214789,216008
1499,214189,214661
1500,208561,207487
1501,211144,213128
1502,221271,220222
1503,205955,204853
1504,206852,204127
1505,210861,208972
1506,207040,207908
1507,204868,207180
1508,205965,205129
1509,209650,213792
1510,209801,211134
1511,216256,216780
1512,211142,213847
1513,215540,214258
1514,207605,209559
1515,210001,210125
1516,223471,221996
1517,217356,218235
1518,216091,217651
1519,211336,211699
1520,216689,216443
1521,212305,212487
1522,207841,207343
1523,205158,205407
1524,204924,204779
1525,213812,214816
1526,211290,211668
1527,211780,212793
1528,211231,211216
1529,208216,207068
1530,214773,214017
1531,213468,213832
1532,220440,218638
1533,213681,216881
1534,213993,215993
1535,214399,215129
1536,217597,214298
1537,214061,215151
1538,206921,208839
1539,207472,208398
1540,215895,215323
1541,217308,218069
1542,214638,209491
1543,217627,215816
1544,209141,210531
1545,214625,210664
1546,203570,205943
1547,206244,206712
1548,202995,205154
1549,217759,217595
1550,202043,202814
1551,207577,210311
1552,205807,206527
1553,201726,204066
1554,201829,201387
1555,208285,209303
1556,211593,211936
1557,207656,208085
1558,204933,203347
1559,197472,197997
1560,197335,198370
1561,199152,200285
1562,198975,199660
1563,201658,202174
1564,204350,205691
1565,198496,197504
1566,208160,208654
1567,203618,203618
1568,211018,209838
1569,203575,205053
1570,206800,210458
1571,203121,203927
1572,207546,206379
1573,210563,211677
1574,210643,211328
1575,209483,209539
1576,205658,207882
1577,207776,210256
1578,207632,209250
1579,209283,208998
1580,205083,207773
1581,208998,210770
1582,218614,222143
1583,201158,201537
1584,210221,210502
1585,212669,211629
1586,203383,204057
1587,206058,210479
1588,209574,211008
1589,204496,205578
1590,216547,215205
1591,210283,213461
1592,218960,214979
1593,208206,207335
1594,211879,211803
1595,211507,214260
1596,208986,207888
1597,212535,212881
1598,208346,208702
1599,207852,207515
1600,207225,206180
1601,212503,213451
1602,210568,210749
1603,210406,211566
1604,217707,216467
1605,219662,222069
1606,220552,218136
1607,217329,215790
1608,219677,217333
1609,219725,221774
1610,216103,214213
1611,211836,212894
1612,219377,222936
1613,210643,213960
1614,209825,213133
1615,213871,219267
1616,225826,226617
1617,225572,226400
1618,224695,224754
1619,217822,215073
1620,221435,221827
1621,225793,226134
1622,214120,215557
1623,204994,202342
1624,203277,205660
1625,207028,206285
1626,206247,206266
1627,211510,213623
1628,211777,213364
1629,215695,215170
1630,215960,215234
1631,202558,204504
1632,213907,214350
1633,214125,213922
1634,210281,211284
1635,209586,211875
1636,206196,209504
1637,214993,214282
1638,214808,216243
1639,214037,214637
1640,217591,216771
1641,211317,212693
1642,208265,209574
1643,218439,213826
1644,208695,209585
1645,212835,213453
1646,215430,218225
1647,217761,219778
1648,214556,214878
1649,213875,215275
1650,215729,215760
1651,222896,222055
1652,213087,210484
1653,212226,211527
1654,222606,222974
1655,223004,225859
1656,222238,223195
1657,222843,225669
1658,224660,225009
1659,216907,219129
1660,221985,224655
1661,224363,226866
1662,219113,218715
1663,219188,220466
1664,205469,210174
1665,216012,217276
1666,212816,212754
1667,221752,221284
1668,214423,215419
1669,214740,215805
1670,214381,212343
1671,220761,222462
1672,212802,212508
1673,217936,217379
1674,203966,205371
1675,214955,214276
1676,215886,219795
1677,214026,216095
1678,207896,208682
1679,202365,202078
1680,200968,202864
1681,207625,208367
1682,207039,206894
1683,206993,210363
1684,215018,216497
1685,217523,219524
1686,218349,218798
1687,214175,215807
1688,210660,211319
1689,218014,215539
1690,214136,214841
1691,211219,215987
1692,221931,218725
1693,216730,217086
1694,220390,222295
1695,211403,211824
1696,215598,215226
1697,214552,213286
1698,208068,210396
1699,221250,226057
1700,220213,228786
1701,217037,219532
1702,217042,221799
1703,220405,222097
1704,218548,219439
1705,214104,215639
1706,211593,211637
1707,214586,217826
1708,221024,224002
1709,210748,213167
1710,206242,206044
1711,207981,207412
1712,207781,208284
1713,219479,217821
1714,229147,227635
1715,210074,208688
1716,226514,230178
1717,213730,213453
1718,207451,210604
1719,204439,206477
1720,209566,209698
1721,207227,207945
1722,208804,210619
1723,215574,215539
1724,204655,205009
1725,206013,206571
1726,205098,205234
1727,212499,212653
1728,215150,216217
1729,206735,206065
1730,214602,217562
1731,216352,216603
1732,199551,201630
1733,211112,210381
1734,207999,210890
1735,205465,207435
1736,203613,207815
1737,212609,213561
1738,214284,215726
1739,210353,210846
1740,218083,216624
1741,216124,215943
1742,214378,216316
1743,215866,216422
1744,217241,214469
1745,215424,217034
1746,207017,208475
1747,206526,206764
1748,202364,202047
1749,203028,203855
1750,206159,206013
1751,206121,204235
1752,206982,207368
1753,217786,220367
1754,210376,212058
1755,213872,214315
1756,209080,211467
1757,210879,213337
1758,217318,216553
1759,217015,216345
1760,210600,212563
1761,220279,219661
1762,215900,217643
1763,215105,216393
1764,202683,202200
1765,206253,204928
1766,208585,209040
1767,220550,220100
1768,208346,209371
1769,222472,222043
1770,225749,227189
1771,211758,215012
1772,215482,216381
1773,210900,212718
1774,218089,219190
1775,202304,203719
1776,219370,220726
1777,213449,213163
1778,213084,214941
1779,230192,226987
1780,220526,220858
1781,213268,215036
1782,220071,218272
1783,210318,210489
1784,219907,223097
1785,213440,213016
1786,222269,223912
1787,221917,224156
1788,223797,225961
1789,222405,223740
1790,223902,225164
1791,227470,227135
1792,217651,216412
1793,219329,221176
1794,218794,220885
1795,213803,213088
1796,214876,217009
1797,212986,216118
1798,222081,221156
1799,217464,216568
1800,227411,230103
1801,220768,219858
1802,207564,206551
1803,202040,203747
1804,205453,205574
1805,206674,206706
1806,210876,212063
1807,214191,213968
1808,202675,202582
1809,204946,207558
1810,203327,210304
1811,210019,211320
1812,204817,207549
1813,204462,204613
1814,204641,206331
1815,212291,212763
1816,211843,211501
1817,217187,216064
1818,202364,202587
1819,205157,206588
1820,210838,212939
1821,203717,203826
1822,213068,214103
1823,222040,222340
1824,198997,199233
1825,198144,200386
1826,209036,203658
1827,206138,206011
1828,207316,208014
1829,212263,211033
1830,207238,207996
1831,205822,204874
1832,200379,198243
1833,196917,199430
1834,203391,202631
1835,195410,195665
1836,202082,202886
1837,211308,210761
1838,207785,213931
1839,204027,206164
1840,211647,214843
1841,209160,211051
1842,207613,209330
1843,208647,213744
1844,205724,206276
1845,210870,209735
1846,217080,217699
1847,200505,201383
1848,201710,198749
1849,208527,207733
1850,198330,198288
1851,198646,201234
1852,203878,203865
1853,199504,198649
1854,206129,205347
1855,211176,210152
1856,205526,206044
1857,204132,201578
1858,205784,208461
1859,207143,206313
1860,192311,196141
1861,195899,197718
1862,192837,193124
1863,218639,212985
1864,221979,222506
1865,213569,214469
1866,210957,207850
1867,202091,203518
1868,213888,209919
1869,206488,206255
1870,218960,219518
1871,203012,205598
1872,200912,201027
1873,202483,204218
1874,205608,207100
1875,205741,205484
1876,207844,209350
1877,199314,198100
1878,197352,197555
1879,207742,210133
1880,213355,214293
1881,207108,207585
1882,201206,201246
1883,208341,208980
1884,203873,204598
1885,207106,206480
1886,204233,207383
1887,204110,203725
1888,201039,200312
1889,206820,206515
1890,212082,213908
1891,212405,214203
1892,202769,202297
1893,206613,206966
1894,210103,209451
1895,205766,206300
1896,211919,211619
1897,210364,211310
1898,204619,208003
1899,207942,209365
1900,208148,209083
1901,208291,209229
1902,200388,202115
1903,215838,216805
1904,212188,210662
1905,208377,208423
1906,205096,205334
1907,200041,201767
1908,207140,206744
1909,203785,205910
1910,207863,206720
1911,213171,213502
1912,214354,215859
1913,208577,211445
1914,206289,205781
1915,203192,204792
1916,203757,203513
1917,194367,195475
1918,200168,203105
1919,210054,211630
1920,202614,200489
1921,204604,207740
1922,206561,209671
1923,201564,201796
1924,208920,208149
1925,207076,208102
1926,200542,200060
1927,201675,200445
1928,200612,200157
1929,205377,203909
1930,207245,208276
1931,211621,211051
1932,207977,208691
1933,200523,201855
1934,201783,203374
1935,211748,213986
1936,209393,206976
1937,202947,202477
1938,204561,204939
1939,202998,202177
1940,206036,209039
1941,201012,201362
1942,211228,211409
1943,218531,217990
1944,212869,212049
1945,218921,219875
1946,208168,212118
1947,212466,212386
1948,206184,206457
1949,207602,210658
1950,204921,204552
1951,205711,207437
1952,204203,205076
1953,207709,208795
1954,211130,209467
1955,206362,206956
1956,203786,202947
1957,206702,207172
1958,197675,198539
1959,202702,204089
1960,203441,204238
1961,200345,200875
1962,195876,194000
1963,200425,200930
1964,203923,204904
1965,202076,201980
1966,193978,195506
1967,197082,198868
1968,198001,195751
1969,203877,199299
1970,199736,197755
1971,201021,201325
1972,205625,205726
1973,194888,196435
1974,206356,205923
1975,204268,206125
1976,197823,200026
1977,201736,199387
1978,206252,207630
1979,203602,205863
1980,204527,205710
1981,208116,212230
1982,201250,201329
1983,201949,203068
1984,215180,214084
1985,210998,212374
1986,211536,211734
1987,206620,209404
1988,208258,206816
1989,203381,203579
1990,202200,202525
1991,208152,209857
1992,213297,212672
1993,212951,211295
1994,209797,209493
1995,212245,211849
1996,207835,210453
1997,211157,211183
1998,213544,214118
1999,208913,209032
2000,206815,208413
2001,211307,212833
2002,205643,205586
2003,211698,212110
2004,210043,208726
2005,212098,212303
2006,206196,206652
2007,219724,221056
2008,218400,219518
2009,217965,222184
2010,206389,209302
2011,206084,206541
2012,213733,212515
2013,208476,208869
2014,202789,203963
2015,202793,201506
2016,204180,203646
2017,208399,207981
2018,211121,209181
2019,204197,204071
2020,198131,196397
2021,204595,209737
2022,203928,203731
2023,211751,211724
2024,208624,210287
2025,208647,209464
2026,209192,208843
2027,199214,201780
2028,207936,207336
2029,203062,208080
2030,211583,214811
2031,213440,213599
2032,211242,210140
2033,203286,203757
2034,221556,218231
2035,211366,212331
2036,207488,208125
2037,211701,211093
2038,208854,208981
2039,204848,203999
2040,211946,211596
2041,202962,202339
2042,218985,221742
2043,211933,208942
2044,197697,198912
2045,197766,199561
2046,202217,203012
2047,210793,206542
2048,201025,200722
2049,196997,196770
2050,202511,202202
2051,201448,201904
2052,205391,206305
2053,209185,211842
2054,208087,209180
2055,198593,199276
2056,209712,210138
2057,207829,207277
2058,199447,199706
2059,200830,205109
2060,201779,201652
2061,201861,202586
2062,206295,206592
2063,208292,209927
2064,216142,214864
2065,206075,210159
2066,206061,208340
2067,203139,203789
2068,201936,200032
2069,207046,209146
2070,200333,199371
2071,202743,202692
2072,204094,203452
2073,196238,195418
2074,205029,204891
2075,208266,209589
2076,201080,200910
2077,201319,204097
2078,206783,203744
2079,209142,212534
2080,211923,211522
2081,199581,202407
2082,208780,215283
2083,202419,203791
2084,207035,212000
2085,212474,214112
2086,214396,213918
2087,215478,215847
2088,203228,202931
2089,212654,211985
2090,205964,206062
2091,206524,206958
2092,204902,206944
2093,200529,198369
2094,221105,216287
2095,193664,192208
2096,204019,207678
2097,213783,213164
2098,195245,196828
2099,197861,196980
2100,196973,200335
2101,194741,196338
2102,214231,211103
2103,200192,198580
2104,201664,201535
2105,206866,206824
2106,210082,207423
2107,204604,207395
2108,200571,200231
2109,206199,208066
2110,204426,205827
2111,208478,208705
2112,204768,204815
2113,218213,217900
2114,206772,205979
2115,209555,209282
2116,213966,216608
2117,211624,213085
2118,205091,207861
2119,206331,207113
2120,199799,201345
2121,205430,206477
2122,211265,211813
2123,202465,204832
2124,208291,211462
2125,208179,208645
2126,199343,199286
2127,203066,199942
2128,203882,203691
2129,199990,200046
2130,199574,198694
2131,203488,201579
2132,206372,206320
2133,203659,203997
2134,201017,203079
2135,201378,200104
2136,204084,204070
2137,195207,195899
2138,199515,198560
2139,198555,197878
2140,202358,201613
2141,207880,209533
2142,206925,207353
2143,199996,199011
2144,204697,207177
2145,205858,208214
2146,201241,201182
2147,192006,192935
2148,202313,201653
2149,205542,206950
2150,208192,206900
2151,205319,205789
2152,204184,206194
2153,208737,209157
2154,211314,212461
2155,213441,213082
2156,211307,209262
2157,208151,209663
2158,213483,210907
2159,223446,221067
2160,213932,215582
2161,210789,214373
2162,222991,221688
2163,223376,225289
2164,205921,206954
2165,209293,207668
2166,210270,211626
2167,206104,206457
2168,209805,207148
2169,211741,212823
2170,218115,219438
2171,218685,213720
2172,209553,206351
2173,219116,218933
2174,214584,216042
2175,218639,220207
2176,214183,214473
2177,198447,198278
2178,198881,200109
2179,201626,200205
2180,209850,209528
2181,204102,203934
2182,206323,207799
2183,205635,205536
2184,205884,207115
2185,209920,212486
2186,207878,207702
2187,209108,209891
2188,210020,212591
2189,210265,212482
2190,210108,212951
2191,206094,202949
2192,212643,213093
2193,219370,220442
2194,208125,209701
2195,209131,207467
2196,197914,198132
2197,200150,199470
2198,198456,201053
2199,201488,204482
2200,201071,201296
2201,203797,204340
2202,201493,203707
2203,209765,209101
2204,205714,205902
2205,204963,203955
2206,205229,207454
2207,205149,204671
2208,217534,216956
2209,205791,205189
2210,203103,204535
2211,209709,209596
2212,203859,207245
2213,211801,211319
2214,203755,204004
2215,206363,207778
2216,201792,203734
2217,199772,199176
2218,210847,210466
2219,204485,207770
2220,203299,204627
2221,206801,206545
2222,203400,204542
2223,206807,208793
2224,206095,206885
2225,209740,210482
2226,207005,207462
2227,205831,203589
2228,202727,204379
2229,200157,200079
2230,204147,204388
2231,200445,200411
2232,202755,204884
2233,196004,196989
2234,206301,206918
2235,204648,210209
2236,208902,209329
2237,201891,200345
2238,204345,201930
2239,211547,211345
2240,208125,209885
2241,201709,202596
2242,209310,208208
2243,205892,206102
2244,204756,207801
2245,203321,206351
2246,205341,207787
2247,207785,208464
2248,208199,207580
2249,200729,203072
2250,200890,201174
2251,202212,202637
2252,199555,198788
2253,201293,201989
2254,201547,201839
2255,199974,201246
2256,202975,202222
2257,201250,200533
2258,198974,199602
2259,205689,205836
2260,211036,210880
2261,205799,205234
2262,204534,204146
2263,210971,210082
2264,199951,202499
2265,208078,209034
2266,206829,206272
2267,214513,213355
2268,212195,214363
2269,210374,210994
2270,196767,197468
2271,200696,200579
2272,203118,203086
2273,201132,200647
2274,205470,205484
2275,201038,205064
2276,203046,205341
2277,205771,205563
2278,201271,201317
2279,206951,208885
2280,205933,206419
2281,206923,208041
2282,214597,213184
2283,206564,214445
2284,206319,208872
2285,214492,214817
2286,215960,217059
2287,211605,214133
2288,206023,206445
2289,211806,211317
2290,214220,214228
2291,200022,199817
2292,206951,207450
2293,208287,205954
2294,210039,210875
2295,206977,206085
2296,208594,207609
2297,202322,203237
2298,211580,211904
2299,204180,204099
2300,203215,202410
2301,203537,205402
2302,208934,207320
2303,207868,207482
2304,209100,210842
2305,206060,207891
2306,202391,203877
2307,212287,212385
2308,207760,206761
2309,208206,207846
2310,211963,212209
2311,201961,205934
2312,207267,207174
2313,209353,209418
2314,212634,216919
2315,211299,211508
2316,217946,217748
2317,206190,210493
2318,203317,204905
2319,207207,205004
2320,208166,209236
2321,205833,205205
2322,209810,209984
2323,210724,212538
2324,207274,207245
2325,207732,201415
2326,208511,205465
2327,212133,212925
2328,206468,206352
2329,215390,215664
2330,214473,213950
2331,211410,211998
2332,211604,212735
2333,210620,210748
2334,210598,212843
2335,212369,212615
2336,221917,222244
2337,206964,207964
2338,211077,211256
2339,209157,208914
2340,211332,212043
2341,208330,209973
2342,206340,206911
2343,211844,212973
2344,213709,216183
2345,206101,205730
2346,209651,209927
2347,201917,202174
2348,203142,204945
2349,206159,207372
2350,204824,204406
2351,208406,209217
2352,216042,213807
2353,209328,210095
2354,205443,205401
2355,210541,209937
2356,207792,209106
2357,210884,207845
2358,212526,211918
2359,212525,213161
2360,225055,225946
2361,209532,210797
2362,204434,205414
2363,213479,213447
2364,210179,210918
2365,209017,209575
2366,207131,207430
2367,210377,211118
2368,209805,209791
2369,205932,213143
2370,211348,213330
2371,205715,205769
2372,199104,199961
2373,207855,207831
2374,204859,204774
2375,205246,204603
2376,205570,207647
2377,205069,204964
2378,203257,204570
2379,206723,206418
2380,202494,203427
2381,203999,206839
2382,200212,201457
2383,204940,206437
2384,204519,204933
2385,209036,207659
2386,206684,206295
2387,205802,204780
2388,209568,209971
2389,201660,205364
2390,201997,203767
2391,199419,199263
2392,201907,206926
2393,205880,207425
2394,208974,206627
2395,196107,194558
2396,198248,197625
2397,196142,196001
2398,203187,204089
2399,206704,208534
2400,203333,205966
2401,202351,202578
2402,207751,202664
2403,200098,200831
2404,203248,203090
2405,198053,197831
2406,205901,203656
2407,210436,212668
2408,207976,207823
2409,205171,204202
2410,206316,205993
2411,210606,210102
2412,207625,209749
2413,204994,201614
2414,202563,204235
2415,206629,206078
2416,208146,209424
2417,210437,210113
2418,213479,214171
2419,201211,203246
2420,196891,197703
2421,201372,202041
2422,207103,202734
2423,209978,207893
2424,208488,208781
2425,203392,203646
2426,209404,209487
2427,207502,209094
2428,209107,211144
2429,207141,205459
2430,210358,211079
2431,210875,210939
2432,213036,213427
2433,207405,208627
2434,211247,211236
2435,205061,205181
2436,206734,204157
2437,208363,208277
2438,211137,212191
2439,207054,207560
2440,211409,211816
2441,208743,207094
2442,204040,204468
2443,206699,205235
2444,213089,211858
2445,205973,206535
2446,214739,210769
2447,206470,207199
2448,206109,207190
2449,209136,210864
2450,214401,215336
2451,205354,206550
2452,211276,206627
2453,211495,212890
2454,213137,214436
2455,206759,204993
2456,207692,208517
2457,206996,205804
2458,202838,201896
2459,209789,212213
2460,212587,213413
2461,204413,203444
2462,206994,206951
2463,207556,207012
2464,204157,202974
2465,208646,209592
2466,213938,214222
2467,216965,219661
2468,218805,218650
2469,211069,211355
2470,207805,212731
2471,206511,208879
2472,212525,213642
2473,211477,211676
2474,214417,215301
2475,206010,208007
2476,213877,213534
2477,207184,208217
2478,211458,211370
2479,216754,214936
2480,214944,215789
2481,206039,206721
2482,211021,211201
2483,208822,209120
2484,207997,207710
2485,208732,210410
2486,216002,215528
2487,212457,213264
2488,210112,210554
2489,205892,206477
2490,209759,209800
2491,210927,211756
2492,206496,203436
2493,208652,210849
2494,213490,211951
2495,209920,211575
2496,213599,216690
2497,206855,211373
2498,212443,209832
2499,213525,212767
2500,218167,217910
2501,214260,215501
2502,216652,216765
2503,208478,208959
2504,207398,208230
2505,203293,205398
2506,199402,201814
2507,201478,201913
2508,202982,203652
2509,202804,201535
2510,203459,203202
2511,211473,207013
2512,209834,209493
2513,208639,207896
2514,200867,198892
2515,200643,202224
2516,203869,204739
2517,207593,206970
2518,206154,208118
2519,204398,205059
2520,213190,215170
2521,211599,208679
2522,207399,208462
2523,213693,213313
2524,206348,211821
2525,205965,205216
2526,207998,207719
2527,203964,205645
2528,198368,197052
2529,200702,199413
2530,200212,199862
2531,201079,202297
2532,209134,209234
2533,205569,204923
2534,206344,206674
2535,207774,206943
2536,204684,206056
2537,209750,211365
2538,205114,208317
2539,211311,209383
2540,209378,210394
2541,200999,201667
2542,205951,205924
2543,209106,208513
2544,203867,203174
2545,203563,203474
2546,205373,207865
2547,210480,211145
2548,203737,204977
2549,206827,207456
2550,211186,211468
2551,210845,211244
2552,204961,206112
2553,207412,206979
2554,207047,206523
2555,202750,204339
2556,206342,208238
2557,207432,208620
2558,205247,210430
2559,211662,211869
2560,210882,212760
2561,202624,202368
2562,205471,206599
2563,204081,203224
2564,207629,208831
2565,204896,204858
2566,213526,215542
2567,210143,210490
2568,207683,211192
2569,211070,210902
2570,208709,210689
2571,212759,214692
2572,210646,213092
2573,206719,208403
2574,213964,211618
2575,214219,213223
2576,202526,204116
2577,201914,201381
2578,200865,203906
2579,211808,212126
2580,204612,202158
2581,203311,200408
2582,199527,200298
2583,203973,207325
2584,203476,202523
2585,200461,201338
2586,205358,208652
2587,204156,203266
2588,205925,207422
2589,206575,207246
2590,205591,208713
2591,201762,201319
2592,204182,204180
2593,206347,204619
2594,206574,207370
2595,201426,204261
2596,203067,202990
2597,197829,199788
2598,198207,200192
2599,195880,199052
2600,199390,198771
2601,202820,204492
2602,200420,199890
2603,213574,213688
2604,203410,202597
2605,196287,198631
2606,205505,205198
2607,205977,207678
2608,197791,197713
2609,205205,206542
2610,198984,199648
2611,204701,204000
2612,202244,200822
2613,202759,203606
2614,207714,207798
2615,203893,205802
2616,195485,196569
2617,204892,204372
2618,204529,205817
2619,194921,196001
2620,195501,197206
2621,197203,198425
2622,205149,205317
2623,200161,201856
2624,204150,201386
2625,200565,203688
2626,200239,200338
2627,197049,196735
2628,191120,191420
2629,199655,202463
2630,208954,208868
2631,200996,203659
2632,202721,203791
2633,211134,211784
2634,201346,201832
2635,206381,203722
2636,211758,212753
2637,211914,212570
2638,219498,216488
2639,214509,215410
2640,201850,201955
2641,200268,198551
2642,199579,200245
2643,198229,200118
2644,202204,201714
2645,199979,198604
2646,197815,198818
2647,200104,200862
2648,203623,207226
2649,207503,209560
2650,206902,209164
2651,205277,205643
2652,206958,204858
2653,205763,207506
2654,209443,206756
2655,203610,207679
2656,203622,203041
2657,201794,204759
2658,205600,202624
2659,202675,203764
2660,206092,209908
2661,201804,203072
2662,203374,201207
2663,200634,203407
2664,210510,211061
2665,207904,209243
2666,212669,211742
2667,207154,208664
2668,209212,210481
2669,209270,210011
2670,209235,210021
2671,206896,206248
2672,202989,204729
2673,209908,210450
2674,203449,203691
2675,213001,211831
2676,205874,206716
2677,205568,208954
2678,214238,215159
2679,208932,209137
2680,221323,223449
2681,209814,220399
2682,209861,208506
2683,216636,214912
2684,214599,215099
2685,218770,219178
2686,215807,218504
2687,206244,206723
2688,212272,211052
2689,205080,205521
2690,204321,203973
2691,202268,204666
2692,205633,206892
2693,201320,201955
2694,209301,209922
2695,211735,211830
2696,213953,213798
2697,202511,201795
2698,212286,212797
2699,203116,201802
2700,205146,205697
2701,204670,204482
2702,208301,209452
2703,208176,214526
2704,205399,204869
2705,201278,202593
2706,193298,192465
2707,194329,195107
2708,195076,196234
2709,207088,206498
2710,200328,202463
2711,206094,206535
2712,199855,198760
2713,198086,195441
2714,200485,201048
2715,202993,204796
2716,204658,202787
2717,196452,197229
2718,200537,199092
2719,202641,202334
2720,203597,205350
2721,197707,198123
2722,196657,195518
2723,200920,199919
2724,194304,196893
2725,197927,197661
2726,201076,201754
2727,199294,199187
2728,203507,205784
2729,209731,206695
2730,207326,205531
2731,205862,207701
2732,215996,215576
2733,209209,208812
2734,212033,214735
2735,202814,200474
2736,197524,198062
2737,198896,199064
2738,199719,203115
2739,197351,197956
2740,199453,200935
2741,192705,192340
2742,203820,204303
2743,198477,199816
2744,198305,197876
2745,199487,198246
2746,202835,203770
2747,202095,202447
2748,201179,202225
2749,197904,199101
2750,199222,199770
2751,194662,194669
2752,199948,200695
2753,204610,203308
2754,202709,200398
2755,196220,195185
2756,198146,199392
2757,205961,204944
2758,196171,198225
2759,198833,198487
2760,200077,200677
2761,197742,198428
2762,200909,201052
2763,199220,200325
2764,201395,200463
2765,194653,195626
2766,201964,201287
2767,200408,202224
2768,206162,206063
2769,203852,200916
2770,209728,210729
2771,200679,202665
2772,198019,197360
2773,196351,195912
2774,206357,206015
2775,201618,201110
2776,196262,195569
2777,198561,198353
2778,197178,199855
2779,198781,197098
2780,201493,206251
2781,209573,208834
2782,214123,217259
2783,207870,210652
2784,200790,202030
2785,207149,206787
2786,198476,196042
2787,198239,199580
2788,199861,201155
2789,201822,200648
2790,194323,196369
2791,205520,203289
2792,200091,202833
2793,211761,212401
2794,214055,213654
2795,209905,211402
2796,205913,204175
2797,204331,205118
2798,208120,206857
2799,206921,208477
2800,211201,211348
2801,201066,204410
2802,214154,211688
2803,201711,202174
2804,204458,204237
2805,202815,203627
2806,201288,201297
2807,207048,207335
2808,212913,211093
2809,202482,203148
2810,195669,199583
2811,202680,203447
2812,209703,211134
2813,209178,209506
2814,210003,210906
2815,202191,203165
2816,197826,197256
2817,205560,208350
2818,203747,203676
2819,200303,201145
2820,202837,203536
2821,202008,201507
2822,201698,202313
2823,200265,202300
2824,201141,201185
2825,200507,200806
2826,198116,201283
2827,208699,208453
2828,198075,199184
2829,202685,205013
2830,209189,211649
2831,204858,205198
2832,200801,203082
2833,191854,192788
2834,197000,197198
2835,199023,200065
2836,204124,204255
2837,203553,203556
2838,195326,195749
2839,198031,199211
2840,198439,198522
2841,199729,200649
2842,206834,207511
2843,199301,197006
2844,205497,204189
2845,208247,209301
2846,209826,210310
2847,209556,206878
2848,202529,202351
2849,210243,215359
2850,204868,205544
2851,205342,201801
2852,200193,202040
2853,199716,197663
2854,207887,205566
2855,208971,206691
2856,210280,207168
2857,213484,213419
2858,217153,217149
2859,214192,213620
2860,210046,213455
2861,211191,214441
2862,205177,208393
2863,201970,201026
2864,207418,202282
2865,202422,203988
2866,206772,206524
2867,201851,202326
2868,207805,213283
2869,210000,211050
2870,208230,208697
2871,205867,204745
2872,205232,204467
2873,200938,200750
2874,201777,204388
2875,203627,203715
2876,202873,203961
2877,209302,208568
2878,214834,213477
2879,209341,211593
2880,215016,215597
2881,202162,205774
2882,204014,203036
2883,212150,212043
2884,215305,216710
2885,210805,211011
2886,205461,207472
2887,207991,208093
2888,205261,207825
2889,210837,212685
2890,203559,204773
2891,211625,213461
2892,214061,214711
2893,211160,209489
2894,204537,205756
2895,216255,216533
2896,210453,207352
2897,210212,208965
2898,209630,210535
2899,212959,212933
2900,213196,214001
2901,204374,204057
2902,205963,206669
2903,207084,207138
2904,212877,213165
2905,209153,207278
2906,207789,208341
2907,209352,206107
2908,216646,215173
2909,214080,214859
2910,209320,209840
2911,201215,202591
2912,216930,219978
2913,210694,211766
2914,209099,210573
2915,201952,202677
2916,199052,198275
2917,200347,202642
2918,206079,206148
2919,205050,204554
2920,207286,208010
2921,205969,203180
2922,211659,213856
2923,206153,206936
2924,202981,204596
2925,204008,199544
2926,206794,208797
2927,204379,204772
2928,203864,202693
2929,214707,215279
2930,226073,226111
2931,210308,209486
2932,209469,210266
2933,207198,206463
2934,212733,210572
2935,202305,203848
2936,202104,201948
2937,198686,200905
2938,196753,196002
2939,197500,199714
2940,200834,201296
2941,204537,207144
2942,206226,205897
2943,196797,198217
2944,205978,203736
2945,206457,203483
2946,209960,210248
2947,198573,199496
2948,205997,207266
2949,207692,206994
2950,195992,196711
2951,201686,201659
2952,207862,209083
2953,207179,207299
2954,212596,211601
2955,194290,195484
2956,196793,199051
2957,197425,200752
2958,196800,196011
2959,198624,198010
2960,206810,210109
2961,208779,212871
2962,217494,218757
2963,222953,224034
2964,202860,204238
2965,210216,211518
2966,200685,201605
2967,199317,199483
2968,203093,203567
2969,200805,203289
2970,198482,199280
2971,210737,210498
2972,221769,224122
2973,209016,208966
2974,205005,206657
2975,200926,202995
2976,201683,200045
2977,202157,202930
2978,202406,199503
2979,196778,196336
2980,204016,205050
2981,204687,204335
2982,202375,202197
2983,203560,203855
2984,201428,203786
2985,198224,198889
2986,201947,202657
2987,210891,210810
2988,212382,213624
2989,210484,208798
2990,212062,211442
2991,213362,209627
2992,206308,207080
2993,202859,203163
2994,199908,201170
2995,200203,203349
2996,197565,198706
2997,197686,196649
2998,197506,198745
2999,195644,196049
3000,212665,213721
3001,203871,207123
3002,201092,200851
3003,201386,203429
3004,208055,210496
3005,206477,206644
3006,210945,209958
3007,201274,200650
3008,212862,212802
3009,202587,203564
3010,206271,207294
3011,206653,205772
3012,210035,207647
3013,207523,208953
3014,215140,216971
3015,211345,212299
3016,208187,212748
3017,202972,205406
3018,201065,201545
3019,201623,202248
3020,208032,208728
3021,205674,206052
3022,205229,205544
3023,199348,200393
3024,208494,207810
3025,211221,212693
3026,205109,207717
3027,213607,212513
3028,199036,201065
3029,200315,200235
3030,198975,196661
3031,197049,197238
3032,198883,200496
3033,208727,210160
3034,210810,212720
3035,204153,205002
3036,210735,211816
3037,206252,206901
3038,214539,215282
3039,209597,210282
3040,203854,206403
3041,193615,194641
3042,204302,204848
3043,218691,220777
3044,210610,211020
3045,200803,202891
3046,204321,203159
3047,202339,202144
3048,212721,214963
3049,210332,212146
3050,212404,211809
3051,205920,207856
3052,201994,202304
3053,205812,207289
3054,204979,206203
3055,204942,206577
3056,197461,196960
3057,204740,205113
3058,203684,201491
3059,204268,203664
3060,203475,205586
3061,201168,203309
3062,205215,205464
3063,197847,199860
3064,205531,206342
3065,209460,209197
3066,195956,196351
3067,201226,200085
3068,203526,204774
3069,208019,209554
3070,197261,196629
3071,199685,199329
3072,211929,210757
3073,209296,209581
3074,202660,205380
3075,199126,200396
3076,200218,200586
3077,203780,204404
3078,205211,208095
3079,208940,208013
3080,201909,201801
3081,196475,197002
3082,193615,192536
3083,199059,197486
3084,193883,195961
3085,200147,202185
3086,198765,200608
3087,209002,209016
3088,201357,203055
3089,201653,202345
3090,204825,212016
3091,197130,197544
3092,194505,194405
3093,203734,203546
3094,203255,202114
3095,202579,201426
3096,204845,206092
3097,197104,197798
3098,204431,204723
3099,204390,204379
3100,205269,205738
3101,194730,195832
3102,194805,194277
3103,210576,207928
3104,201405,200684
3105,197288,199042
3106,197301,197680
3107,196575,197045
3108,193198,195112
3109,199562,199920
3110,200788,200131
3111,194365,196339
3112,192508,195421
3113,196625,198716
3114,198096,199720
3115,202826,203908
3116,201212,200746
3117,203413,205156
3118,200775,201678
3119,202982,203666
3120,201378,201811
3121,196767,197491
3122,208715,209647
3123,200015,201976
3124,205651,205540
3125,208684,210512
3126,212881,212184
3127,210729,208178
3128,211244,211520
3129,205695,208309
3130,201504,202641
3131,201204,201347
3132,205060,204012
3133,203900,203789
3134,200844,201821
3135,197874,200731
3136,204582,199554
3137,196929,198364
3138,196845,197560
3139,197182,197299
3140,197332,197904
3141,206816,206900
3142,212642,212983
3143,214679,215993
3144,193347,193742
3145,202448,201653
3146,204005,204025
3147,204544,204992
3148,201538,204008
3149,205543,212976
3150,207693,208337
3151,207813,207949
3152,198817,195868
3153,202410,201838
3154,197286,195854
3155,201253,199214
3156,199499,200745
3157,205336,207944
3158,195028,194825
3159,197294,196107
3160,206115,209850
3161,208619,208417
3162,213199,212406
3163,207246,207128
3164,203105,205500
3165,204225,205335
3166,208079,212835
3167,206056,207597
3168,209100,209109
3169,208635,210608
3170,208307,209247
3171,198762,200388
3172,210076,211745
3173,204343,204878
3174,212873,211645
3175,207714,208911
3176,207424,211291
3177,201659,201849
3178,204554,205237
3179,211975,210754
3180,198863,198494
3181,202339,204615
3182,198425,199985
3183,195277,195383
3184,198689,198243
3185,198317,200430
3186,204745,206067
3187,201358,201975
3188,201766,202852
3189,203889,204032
3190,197187,196510
3191,197792,201372
3192,196521,196245
3193,203310,205128
3194,210972,205572
3195,200735,196350
3196,197319,198301
3197,196926,196561
3198,195725,198504
3199,195118,197728
3200,193125,192035
3201,195413,195311
3202,193590,194487
3203,201392,201689
3204,202759,203834
3205,195077,200031
3206,195253,196893
3207,198863,198681
3208,202183,200874
3209,210231,209644
3210,203518,203321
3211,198782,200059
3212,191684,192309
3213,194526,192838
3214,196548,199337
3215,198963,197456
3216,198565,200319
3217,198467,196263
3218,198508,202623
3219,204071,205568
3220,198910,201840
3221,194054,193700
3222,196774,199562
3223,205879,208267
3224,204295,204696
3225,197167,199119
3226,209077,209300
3227,196851,197903
3228,203198,204770
3229,202717,201266
3230,203970,202066
3231,205610,209135
3232,208204,213914
3233,205965,204355
3234,198621,198914
3235,199630,199339
3236,192063,193336
3237,208750,211532
3238,196574,197369
3239,197473,201765
3240,198056,197893
3241,198841,198167
3242,194004,194394
3243,203273,203134
3244,195843,196559
3245,199195,199457
3246,205578,205738
3247,207589,207781
3248,209026,207519
3249,206583,207265
3250,203104,203166
3251,204829,204607
3252,204728,204448
3253,201878,200772
3254,203792,206280
3255,205847,205559
3256,205611,210678
3257,201251,201056
3258,203343,202818
3259,201401,202443
3260,205266,204611
3261,197159,196572
3262,201244,200459
3263,202514,202709
3264,200033,198823
3265,199108,196354
3266,205781,206045
3267,203020,203947
3268,207815,207427
3269,200651,203109
3270,200936,198469
3271,196092,199100
3272,201142,197790
3273,210501,210216
3274,206746,206412
3275,198163,196113
3276,198580,198429
3277,200009,199930
3278,202841,205510
3279,206207,203459
3280,201182,199293
3281,204189,205407
3282,199960,199143
3283,204956,205411
3284,209055,209323
3285,215130,217149
3286,211549,210577
3287,209958,208608
3288,206500,204839
3289,213631,214372
3290,201053,202076
3291,203207,208253
3292,208312,207143
3293,208325,212008
3294,207442,205890
3295,210444,210322
3296,206134,205347
3297,209180,211158
3298,205960,209812
3299,217945,219592
3300,208345,209842
3301,207896,206104
3302,200007,201483
3303,206660,206714
3304,202517,202539
3305,189247,190894
3306,202282,200527
3307,203536,204313
3308,198301,197798
3309,205820,205021
3310,199945,202959
3311,207106,207788
3312,188679,189223
3313,194211,194732
3314,196681,199908
3315,190720,192799
3316,202944,207384
3317,195880,199256
3318,197490,198451
3319,200841,201799
3320,198820,199858
3321,192160,193754
3322,191259,190524
3323,195219,196657
3324,197168,197365
3325,208611,207619
3326,203923,206303
3327,203100,208742
3328,196460,197331
3329,201146,201279
3330,201701,203678
3331,206036,209751
3332,203508,204870
3333,201307,201730
3334,205927,206435
3335,206376,206567
3336,206730,209169
3337,205497,206530
3338,200094,202155
3339,200896,198973
3340,201616,201886
3341,197834,197598
3342,208042,209738
3343,203863,203571
3344,207683,208820
3345,206854,207574
3346,208502,208057
3347,204405,204695
3348,202476,202937
3349,204791,208990
3350,208838,208348
3351,203361,204725
3352,203266,204873
3353,202804,206211
3354,203152,204657
3355,202594,202296
3356,202261,204377
3357,203394,203371
3358,207666,208475
3359,206878,208556
3360,201123,203566
3361,196249,195146
3362,203166,204104
3363,205734,206085
3364,208821,209962
3365,201881,204282
3366,197514,198847
3367,199742,198716
3368,205943,208261
3369,210945,214025
3370,206790,210638
3371,201282,202175
3372,204839,205820
3373,206717,205082
3374,204264,205951
3375,214841,212740
3376,206381,207267
3377,206678,211419
3378,205275,205048
3379,206931,207399
3380,214192,209673
3381,202174,201203
3382,198736,202767
3383,202936,203376
3384,206735,205429
3385,205347,206843
3386,208996,207885
3387,211395,213262
3388,209870,210891
3389,203242,204847
3390,201826,202230
3391,201732,202739
3392,206045,205792
3393,202768,201037
3394,200285,201126
3395,200304,202257
3396,194817,196880
3397,196651,198212
3398,203764,204681
3399,199933,200188
3400,202056,201020
3401,199463,199018
3402,196038,196319
3403,197379,198565
3404,202302,201557
3405,199402,199424
3406,196271,198522
3407,199633,201129
3408,202620,204480
3409,197510,195862
3410,198946,200414
3411,196872,195674
3412,197802,198401
3413,204928,206031
3414,196508,197047
3415,195619,195877
3416,192040,192145
3417,194796,196881
3418,196328,198355
3419,203617,206555
3420,194681,196162
3421,202806,202983
3422,205248,205090
3423,205410,204484
3424,200662,200582
3425,199786,204032
3426,199259,199609
3427,203532,204795
3428,205045,207535
3429,207489,207897
3430,205811,203962
3431,200944,199147
3432,201660,201627
3433,198760,198914
3434,196945,196575
3435,197038,197336
3436,190866,192781
3437,199955,200321
3438,217102,217314
3439,208846,210328
3440,198619,195993
3441,205611,207394
3442,211541,211619
3443,200189,201327
3444,194932,196668
3445,202700,203361
3446,200577,198703
3447,210433,209875
3448,201923,201557
3449,197315,196673
3450,202666,203372
3451,198159,196715
3452,190696,191514
3453,204555,204830
3454,201829,203832
3455,201988,204326
3456,199368,202773
3457,200430,200675
3458,196250,196431
3459,202741,203016
3460,199884,199496
3461,194881,192286
3462,204772,206026
3463,203393,203822
3464,202782,201649
3465,210254,210468
3466,200227,200947
3467,205987,205502
3468,206659,206805
3469,210590,212212
3470,202552,204199
3471,203196,199469
3472,200193,198762
3473,202203,201143
3474,206080,204492
3475,199292,198308
3476,200037,201759
3477,198065,197202
3478,202936,203791
3479,198552,201574
3480,205086,204702
3481,202933,207274
3482,208183,207962
3483,208063,209195
3484,203519,204543
3485,199879,201601
3486,203965,206452
3487,203909,204005
3488,197772,200534
3489,199150,200822
3490,197770,198953
3491,203360,203178
3492,204654,205273
3493,209339,209498
3494,206415,205698
3495,207234,209991
3496,206174,204830
3497,208799,207302
3498,204504,203461
3499,207561,207812
3500,201731,202787
3501,200580,201405
3502,199406,199426
3503,199440,201640
3504,201120,200461
3505,203231,202401
3506,203780,203451
3507,199833,201480
3508,198920,200219
3509,197561,197473
3510,196687,199382
3511,190015,191168
3512,192651,195794
3513,197406,196732
3514,201131,202155
3515,214911,213228
3516,206859,206712
3517,200862,200395
3518,202885,203543
3519,203272,202878
3520,202726,205794
3521,197996,198129
3522,201847,201932
3523,203709,201272
3524,200987,200045
3525,202323,199537
3526,191573,193263
3527,192871,197882
3528,194140,195096
3529,188048,189581
3530,200336,201366
3531,196934,195799
3532,195441,196856
3533,194118,194483
3534,194795,195495
3535,195236,195508
3536,194354,197304
3537,192033,190905
3538,192655,196233
3539,193591,194252
3540,192720,193201
3541,196873,193204
3542,194348,195019
3543,199811,200489
3544,197915,197280
3545,196144,195609
3546,197999,200109
3547,194770,196560
3548,195754,196498
3549,192010,194294
3550,198624,198446
3551,199683,201839
3552,194340,195921
3553,195869,197620
3554,206473,206927
3555,207120,202052
3556,209486,209545
3557,205905,207836
3558,196699,197996
3559,198247,199566
3560,203623,202492
3561,202306,203880
3562,196851,200173
3563,202817,202378
3564,193629,194686
3565,194915,196707
3566,192930,194188
3567,202124,201044
3568,203243,207329
3569,203929,202878
3570,195748,195496
3571,198356,199731
3572,196267,196680
3573,201543,201414
3574,197500,197701
3575,199945,200969
3576,197324,197870
3577,195122,198081
3578,201168,202300
3579,194757,194478
3580,197025,197514
3581,196512,196376
3582,209489,212512
3583,207159,206377
3584,212960,214784
3585,206196,208434
3586,212264,210775
3587,215771,217194
3588,218871,217876
3589,212511,212910
3590,207502,207457
3591,207923,205335
3592,207102,208926
3593,205429,205152
3594,201040,199291
3595,210333,209940
3596,214122,215200
3597,205719,205335
3598,206535,205908
3599,207495,207367
3600,205211,206181
3601,205265,206141
3602,206747,207801
3603,211532,213151
3604,211558,209841
3605,212052,212262
3606,208436,212307
3607,206270,203956
3608,206524,203291
3609,201461,203784
3610,211293,210889
3611,209356,211171
3612,197889,198376
3613,193553,195771
3614,205435,207027
3615,207123,208900
3616,200803,204035
3617,205048,202549
3618,206743,206146
3619,203129,205029
3620,207873,209398
3621,209105,206585
3622,199971,199955
3623,201859,202354
3624,204545,204278
3625,205053,204479
3626,198715,199198
3627,201388,200321
3628,200696,201770
3629,205412,204263
3630,198879,201089
3631,200591,200556
3632,197266,196637
3633,198292,197693
3634,201810,207343
3635,196767,196888
3636,197822,196353
3637,203012,199842
3638,209281,207986
3639,203988,204588
3640,207674,207533
3641,205541,206222
3642,201873,202342
3643,201186,203096
3644,199207,199676
3645,202389,203205
3646,202719,204281
3647,202433,204757
3648,201884,203557
3649,199326,199817
3650,199269,199866
3651,206247,203818
3652,198934,199445
3653,196856,199690
3654,195872,196827
3655,201711,201475
3656,203099,204116
3657,202808,199917
3658,193445,194907
3659,208801,209181
3660,196984,199424
3661,199158,200377
3662,204120,202954
3663,201026,202903
3664,206005,207752
3665,197993,199820
3666,210890,209259
3667,204392,202113
3668,209200,210103
3669,203007,203289
3670,195413,196100
3671,199531,199785
3672,197604,199126
3673,200288,197481
3674,202378,201740
3675,210783,215975
3676,206090,206589
3677,197806,198404
3678,198157,200010
3679,203262,205369
3680,197308,197641
3681,200690,202944
3682,200823,201947
3683,204755,204468
3684,206705,206147
3685,200617,201674
3686,209025,210035
3687,197614,198689
3688,196816,197728
3689,199950,201200
3690,202063,203398
3691,195552,196539
3692,199557,197901
3693,205523,205239
3694,202690,203176
3695,197624,198364
3696,202566,201393
3697,200592,203479
3698,195370,198035
3699,195554,196429
3700,198111,192541
3701,198271,198056
3702,197839,195653
3703,202539,200932
3704,198226,197159
3705,202431,204550
3706,201545,200566
3707,199884,199970
3708,200442,198979
3709,190924,191950
3710,201737,200094
3711,193216,195169
3712,194756,194349
3713,190273,191350
3714,201470,204639
3715,203636,207037
3716,198044,201065
3717,199891,199088
3718,205717,201867
3719,196502,198522
3720,195353,195652
3721,190201,191666
3722,190141,189846
3723,190705,191424
3724,199893,199708
3725,198640,199998
3726,194186,194893
3727,197498,196938
3728,195532,196481
3729,197720,198900
3730,197241,196344
3731,191061,192808
3732,193365,193546
3733,198609,198607
3734,198580,199741
3735,205358,203739
3736,202868,203532
3737,200374,200944
3738,198502,199454
3739,209693,208971
3740,202082,200975
3741,198642,197184
3742,190188,192296
3743,200141,200903
3744,195939,197452
3745,197810,197976
3746,203182,204347
3747,202066,201442
3748,197513,198900
3749,194745,197150
3750,197305,198390
3751,198030,195113
3752,197131,196761
3753,191740,191226
3754,195524,197052
3755,195583,197433
3756,199438,199395
3757,199572,201192
3758,198015,197836
3759,195301,195098
3760,192614,194464
3761,199564,200187
3762,197941,199629
3763,207000,205767
3764,207907,208331
3765,205862,209049
3766,202329,202098
3767,200606,201992
3768,204617,202216
3769,199742,199511
3770,198118,197533
3771,202215,203713
3772,196767,198771
3773,195509,197676
3774,193706,194093
3775,196164,196985
3776,196321,197219
3777,198722,197582
3778,197727,198436
3779,198651,199065
3780,193070,194775
3781,201116,201755
3782,200945,202598
3783,200990,201329
3784,194777,194963
3785,198738,200075
3786,202666,202287
3787,203132,202739
3788,204749,203129
3789,198475,199666
3790,197806,199804
3791,194306,193472
3792,193769,195967
3793,191876,192742
3794,193710,193494
3795,196653,194736
3796,201879,199898
3797,200766,201419
3798,201941,201605
3799,203773,205693
3800,198872,200914
3801,197815,198359
3802,197338,196281
3803,194537,197353
3804,196414,196145
3805,200236,200252
3806,197554,198209
3807,194952,196425
3808,196635,201599
3809,194464,197040
3810,202998,206082
3811,196081,194539
3812,199324,200150
3813,196400,197659
3814,198264,201487
3815,197429,196500
3816,198223,196817
3817,198766,198893
3818,197583,198919
3819,194726,194355
3820,195469,194656
3821,194461,194858
3822,194695,195124
3823,191906,192075
3824,196598,198630
3825,197137,197943
3826,195265,193353
3827,199634,197867
3828,202943,204888
3829,204003,204182
3830,197899,200735
3831,196589,196940
3832,201788,202251
3833,203807,203393
3834,205960,205481
3835,203356,204257
3836,196136,196068
3837,194526,194568
3838,197310,198904
3839,195844,197001
3840,199150,201767
3841,202816,201460
3842,204397,204413
3843,211852,211763
3844,195588,201710
3845,193018,193698
3846,194213,197280
3847,200636,201735
3848,196350,194530
3849,202318,205001
3850,203182,209399
3851,201444,204910
3852,204359,205626
3853,198480,200062
3854,198859,197997
3855,206342,206374
3856,201031,202660
3857,206447,210317
3858,196381,195708
3859,202124,201699
3860,201468,204581
3861,204607,203904
3862,205155,206939
3863,201813,200834
3864,200795,202655
3865,194095,194885
3866,207220,207128
3867,197441,199395
3868,198541,199360
3869,198464,201037
3870,198968,199248
3871,197541,199626
3872,203517,204873
3873,200712,202201
3874,198578,198480
3875,203489,201911
3876,194281,194408
3877,201005,205225
3878,199897,201056
3879,194844,194173
3880,194125,193880
3881,197738,198726
3882,196535,193564
3883,195732,194928
3884,186060,188330
3885,190302,191218
3886,193215,191220
3887,195453,196655
3888,194471,195097
3889,198726,196943
3890,199385,200676
3891,201754,201524
3892,203518,204784
3893,199859,200308
3894,192925,194348
3895,197295,197476
3896,194280,195075
3897,197477,197523
3898,189970,190075
3899,195987,196185
3900,197314,198597
3901,197022,199013
3902,203623,202038
3903,200470,200625
3904,195804,198038
3905,192077,190583
3906,194160,195059
3907,193298,193012
3908,197655,196405
3909,193717,194837
3910,194047,196710
3911,202963,203493
3912,201968,205820
3913,205199,206791
3914,205440,203075
3915,195444,197632
3916,193593,193329
3917,191836,191546
3918,190681,191457
3919,189812,192758
3920,191625,190958
3921,191531,191455
3922,196306,198029
3923,201748,202272
3924,197772,198863
3925,197608,199683
3926,200363,200428
3927,199104,199390
3928,201140,198574
3929,196038,196972
3930,195169,195773
3931,204763,206768
3932,199805,197231
3933,199659,199788
3934,195185,197025
3935,194858,194161
3936,196102,196032
3937,201586,204901
3938,200197,201399
3939,197719,197148
3940,196213,195595
3941,195499,197075
3942,199779,200944
3943,201954,201770
3944,200037,199107
3945,205411,205795
3946,205705,209934
3947,212413,213653
3948,204081,204415
3949,208340,210246
3950,204645,202333
3951,193572,195541
3952,195356,197857
3953,198800,198812
3954,200655,201466
3955,193729,195158
3956,198740,202195
3957,193189,194856
3958,191681,189999
3959,198842,202297
3960,201819,203967
3961,198270,199700
3962,200855,198968
3963,203832,202210
3964,205383,205248
3965,205009,205316
3966,205091,206063
3967,202834,203224
3968,195955,195846
3969,197906,198899
3970,200975,198496
3971,202156,200149
3972,201894,200875
3973,196706,197551
3974,200846,200114
3975,201914,202810
3976,205093,205041
3977,202631,204349
3978,202506,200824
3979,200047,196744
3980,197967,196738
3981,192927,192095
3982,201760,202890
3983,210869,207994
3984,202293,202643
3985,196431,194067
3986,191080,192754
3987,196872,197571
3988,197383,196929
3989,195606,197693
3990,196392,198224
3991,197294,197339
3992,198240,197805
3993,191928,193039
3994,205432,205969
3995,203236,211189
3996,201305,203376
3997,197603,198340
3998,196776,197034
3999,194889,195642
4000,195853,196780
